[
  {
    "endTime" : "2022-03-30 04:06",
    "artistName" : "Islands",
    "trackName" : "Pumpkin",
    "msPlayed" : 23966
  },
  {
    "endTime" : "2022-03-30 04:09",
    "artistName" : "Islands",
    "trackName" : "Pumpkin",
    "msPlayed" : 182000
  },
  {
    "endTime" : "2022-03-30 04:13",
    "artistName" : "Andrew Bird",
    "trackName" : "Roma Fade",
    "msPlayed" : 243120
  },
  {
    "endTime" : "2022-03-30 04:15",
    "artistName" : "Whitney",
    "trackName" : "Gonna Hurry (As Slow as I Can)",
    "msPlayed" : 109211
  },
  {
    "endTime" : "2022-03-30 04:16",
    "artistName" : "Jaguar Sun",
    "trackName" : "Red",
    "msPlayed" : 61278
  },
  {
    "endTime" : "2022-03-30 04:18",
    "artistName" : "Whitney",
    "trackName" : "Gonna Hurry (As Slow as I Can)",
    "msPlayed" : 109211
  },
  {
    "endTime" : "2022-03-30 04:21",
    "artistName" : "Jaguar Sun",
    "trackName" : "Red",
    "msPlayed" : 166496
  },
  {
    "endTime" : "2022-03-30 04:24",
    "artistName" : "Charles Brand",
    "trackName" : "Malibu Yurt",
    "msPlayed" : 175571
  },
  {
    "endTime" : "2022-03-30 04:26",
    "artistName" : "Coconut Records",
    "trackName" : "Dakota",
    "msPlayed" : 97984
  },
  {
    "endTime" : "2022-03-30 04:29",
    "artistName" : "Jack and Eliza",
    "trackName" : "Hold the Line",
    "msPlayed" : 178787
  },
  {
    "endTime" : "2022-03-30 05:11",
    "artistName" : "Frog",
    "trackName" : "Knocking on the Door",
    "msPlayed" : 176124
  },
  {
    "endTime" : "2022-03-30 05:14",
    "artistName" : "Islands",
    "trackName" : "Pumpkin",
    "msPlayed" : 182000
  },
  {
    "endTime" : "2022-03-30 05:18",
    "artistName" : "Andrew Bird",
    "trackName" : "Roma Fade",
    "msPlayed" : 243120
  },
  {
    "endTime" : "2022-03-30 05:21",
    "artistName" : "Camp Howard",
    "trackName" : "Juice",
    "msPlayed" : 144109
  },
  {
    "endTime" : "2022-03-30 05:25",
    "artistName" : "Star Parks",
    "trackName" : "Theoretical Girls",
    "msPlayed" : 234735
  },
  {
    "endTime" : "2022-03-30 13:54",
    "artistName" : "Adam Melchor",
    "trackName" : "Real Estate",
    "msPlayed" : 216000
  },
  {
    "endTime" : "2022-03-30 13:55",
    "artistName" : "The Drums",
    "trackName" : "Money",
    "msPlayed" : 30
  },
  {
    "endTime" : "2022-03-30 13:55",
    "artistName" : "Kendrick Lamar",
    "trackName" : "Money Trees",
    "msPlayed" : 3190
  },
  {
    "endTime" : "2022-03-30 13:55",
    "artistName" : "ABBA",
    "trackName" : "Money, Money, Money",
    "msPlayed" : 5230
  },
  {
    "endTime" : "2022-03-30 13:57",
    "artistName" : "Vladimir Cauchemar",
    "trackName" : "Aulos Reloaded",
    "msPlayed" : 126400
  },
  {
    "endTime" : "2022-03-30 14:01",
    "artistName" : "SZA",
    "trackName" : "Good Days",
    "msPlayed" : 279204
  },
  {
    "endTime" : "2022-03-30 14:02",
    "artistName" : "Shygirl",
    "trackName" : "Cleo at Abbey Road",
    "msPlayed" : 51525
  },
  {
    "endTime" : "2022-03-30 14:05",
    "artistName" : "Yellowbirds",
    "trackName" : "Mean Maybe",
    "msPlayed" : 37059
  },
  {
    "endTime" : "2022-03-30 14:06",
    "artistName" : "Common",
    "trackName" : "The Food - Live",
    "msPlayed" : 216866
  },
  {
    "endTime" : "2022-03-30 14:09",
    "artistName" : "Oscar Lang",
    "trackName" : "She Likes Another Boy",
    "msPlayed" : 207826
  },
  {
    "endTime" : "2022-03-30 14:15",
    "artistName" : "Peach Pit",
    "trackName" : "Tommy's Party",
    "msPlayed" : 361760
  },
  {
    "endTime" : "2022-03-30 14:23",
    "artistName" : "The Shins",
    "trackName" : "Sleeping Lessons",
    "msPlayed" : 77656
  },
  {
    "endTime" : "2022-03-30 15:46",
    "artistName" : "Nico",
    "trackName" : "These Days",
    "msPlayed" : 210653
  },
  {
    "endTime" : "2022-03-30 16:13",
    "artistName" : "Nico",
    "trackName" : "These Days",
    "msPlayed" : 330900
  },
  {
    "endTime" : "2022-03-30 17:54",
    "artistName" : "Weyes Blood",
    "trackName" : "Andromeda",
    "msPlayed" : 1344
  },
  {
    "endTime" : "2022-03-30 17:58",
    "artistName" : "Haley Heynderickx",
    "trackName" : "The Bug Collector",
    "msPlayed" : 228459
  },
  {
    "endTime" : "2022-03-30 18:03",
    "artistName" : "Kero Kero Bonito",
    "trackName" : "The River",
    "msPlayed" : 279455
  },
  {
    "endTime" : "2022-03-30 18:06",
    "artistName" : "The Marías",
    "trackName" : "Hush - Still Woozy Remix",
    "msPlayed" : 182346
  },
  {
    "endTime" : "2022-03-30 18:13",
    "artistName" : "Mac Miller",
    "trackName" : "2009",
    "msPlayed" : 347986
  },
  {
    "endTime" : "2022-03-30 18:18",
    "artistName" : "Alexi Murdoch",
    "trackName" : "All My Days",
    "msPlayed" : 297120
  },
  {
    "endTime" : "2022-03-30 18:19",
    "artistName" : "Yoke Lore",
    "trackName" : "Beige",
    "msPlayed" : 38367
  },
  {
    "endTime" : "2022-03-30 18:23",
    "artistName" : "Valerie June",
    "trackName" : "Astral Plane",
    "msPlayed" : 218640
  },
  {
    "endTime" : "2022-03-30 18:27",
    "artistName" : "Valerie June",
    "trackName" : "Cosmic Dancer",
    "msPlayed" : 265995
  },
  {
    "endTime" : "2022-03-30 18:32",
    "artistName" : "My Morning Jacket",
    "trackName" : "Golden",
    "msPlayed" : 279240
  },
  {
    "endTime" : "2022-03-30 18:37",
    "artistName" : "Fruit Bats",
    "trackName" : "My Sweet Midwest",
    "msPlayed" : 303973
  },
  {
    "endTime" : "2022-03-30 18:42",
    "artistName" : "The Secret Sisters",
    "trackName" : "Late Bloomer",
    "msPlayed" : 260096
  },
  {
    "endTime" : "2022-03-30 18:45",
    "artistName" : "Aoife O'Donovan",
    "trackName" : "Loretta",
    "msPlayed" : 148522
  },
  {
    "endTime" : "2022-03-30 19:00",
    "artistName" : "Lucius",
    "trackName" : "Strangers",
    "msPlayed" : 167228
  },
  {
    "endTime" : "2022-03-30 19:51",
    "artistName" : "Islands",
    "trackName" : "Pumpkin",
    "msPlayed" : 182000
  },
  {
    "endTime" : "2022-03-30 19:52",
    "artistName" : "Andrew Bird",
    "trackName" : "Roma Fade",
    "msPlayed" : 25160
  },
  {
    "endTime" : "2022-03-30 19:55",
    "artistName" : "Tennis",
    "trackName" : "Please Don't Ruin This for Me - Audiotree Live Version",
    "msPlayed" : 206837
  },
  {
    "endTime" : "2022-03-30 23:33",
    "artistName" : "Jaguar Sun",
    "trackName" : "Red",
    "msPlayed" : 72539
  },
  {
    "endTime" : "2022-03-30 23:35",
    "artistName" : "Arppa",
    "trackName" : "Yöt",
    "msPlayed" : 114558
  },
  {
    "endTime" : "2022-03-30 23:53",
    "artistName" : "Arppa",
    "trackName" : "Huhut",
    "msPlayed" : 185852
  },
  {
    "endTime" : "2022-03-30 23:58",
    "artistName" : "Yellow House",
    "trackName" : "Love in the Time of Socialism",
    "msPlayed" : 251184
  },
  {
    "endTime" : "2022-03-31 00:00",
    "artistName" : "Field Medic",
    "trackName" : "talkin johnny & june (your arms around me)",
    "msPlayed" : 162000
  },
  {
    "endTime" : "2022-03-31 00:04",
    "artistName" : "Del Water Gap",
    "trackName" : "Ode to a Conversation Stuck in Your Throat",
    "msPlayed" : 199232
  },
  {
    "endTime" : "2022-03-31 00:06",
    "artistName" : "Adrianne Lenker",
    "trackName" : "Kerina",
    "msPlayed" : 171453
  },
  {
    "endTime" : "2022-03-31 00:09",
    "artistName" : "Whatever, Dad",
    "trackName" : "I Don't Know",
    "msPlayed" : 169409
  },
  {
    "endTime" : "2022-03-31 00:13",
    "artistName" : "Golden Daze",
    "trackName" : "Blue Bell",
    "msPlayed" : 225026
  },
  {
    "endTime" : "2022-03-31 00:17",
    "artistName" : "Florist",
    "trackName" : "Vacation",
    "msPlayed" : 227139
  },
  {
    "endTime" : "2022-03-31 00:19",
    "artistName" : "The Walters",
    "trackName" : "Sweet Marie",
    "msPlayed" : 137092
  },
  {
    "endTime" : "2022-03-31 00:22",
    "artistName" : "Field Medic",
    "trackName" : "HEADCASE",
    "msPlayed" : 138013
  },
  {
    "endTime" : "2022-03-31 00:24",
    "artistName" : "Adrianne Lenker",
    "trackName" : "Jonathan",
    "msPlayed" : 128853
  },
  {
    "endTime" : "2022-03-31 00:27",
    "artistName" : "Travis Bretzer",
    "trackName" : "Misty Morning",
    "msPlayed" : 156958
  },
  {
    "endTime" : "2022-03-31 00:29",
    "artistName" : "Trudy and the Romance",
    "trackName" : "Twist It, Shake It. Rock & Roll",
    "msPlayed" : 143426
  },
  {
    "endTime" : "2022-03-31 00:34",
    "artistName" : "Flipturn",
    "trackName" : "August (Acoustic)",
    "msPlayed" : 302000
  },
  {
    "endTime" : "2022-03-31 00:37",
    "artistName" : "Oracle Sisters",
    "trackName" : "Asc. Scorpio",
    "msPlayed" : 166601
  },
  {
    "endTime" : "2022-03-31 00:39",
    "artistName" : "Field Medic",
    "trackName" : "me, my gibberish, & the moon",
    "msPlayed" : 125500
  },
  {
    "endTime" : "2022-03-31 00:42",
    "artistName" : "Adrianne Lenker",
    "trackName" : "A Love of Some Kind",
    "msPlayed" : 173253
  },
  {
    "endTime" : "2022-03-31 00:44",
    "artistName" : "Haley Heynderickx",
    "trackName" : "Little Wind",
    "msPlayed" : 122000
  },
  {
    "endTime" : "2022-03-31 00:46",
    "artistName" : "Loving",
    "trackName" : "Stranger To Yourself",
    "msPlayed" : 135718
  },
  {
    "endTime" : "2022-03-31 00:50",
    "artistName" : "Billie Marten",
    "trackName" : "Cartoon People",
    "msPlayed" : 213539
  },
  {
    "endTime" : "2022-03-31 00:54",
    "artistName" : "Dreamgirl",
    "trackName" : "Teenage Blue",
    "msPlayed" : 234968
  },
  {
    "endTime" : "2022-03-31 00:57",
    "artistName" : "Michael Cera",
    "trackName" : "Best I Can (feat. Sharon Van Etten)",
    "msPlayed" : 199694
  },
  {
    "endTime" : "2022-03-31 01:00",
    "artistName" : "Adrianne Lenker",
    "trackName" : "Steamboat",
    "msPlayed" : 161133
  },
  {
    "endTime" : "2022-03-31 01:02",
    "artistName" : "The Velvet Underground",
    "trackName" : "I'll Be Your Mirror",
    "msPlayed" : 134040
  },
  {
    "endTime" : "2022-03-31 01:05",
    "artistName" : "Yellow House",
    "trackName" : "Saviour Complex",
    "msPlayed" : 193333
  },
  {
    "endTime" : "2022-03-31 01:08",
    "artistName" : "The Walters",
    "trackName" : "Cottage Roads",
    "msPlayed" : 181482
  },
  {
    "endTime" : "2022-03-31 01:11",
    "artistName" : "Yo La Tengo",
    "trackName" : "My Little Corner of the World",
    "msPlayed" : 145573
  },
  {
    "endTime" : "2022-03-31 01:13",
    "artistName" : "Haley Heynderickx",
    "trackName" : "No Face",
    "msPlayed" : 116483
  },
  {
    "endTime" : "2022-03-31 01:16",
    "artistName" : "Odie Leigh",
    "trackName" : "Ronnie's Song",
    "msPlayed" : 152888
  },
  {
    "endTime" : "2022-03-31 01:19",
    "artistName" : "The Clientele",
    "trackName" : "Reflections After Jane",
    "msPlayed" : 204386
  },
  {
    "endTime" : "2022-03-31 01:20",
    "artistName" : "Loving",
    "trackName" : "Write A River",
    "msPlayed" : 14516
  },
  {
    "endTime" : "2022-03-31 01:20",
    "artistName" : "Animal Collective",
    "trackName" : "My Girls",
    "msPlayed" : 16764
  },
  {
    "endTime" : "2022-03-31 01:23",
    "artistName" : "Islands",
    "trackName" : "Pumpkin",
    "msPlayed" : 182000
  },
  {
    "endTime" : "2022-03-31 01:27",
    "artistName" : "Andrew Bird",
    "trackName" : "Roma Fade",
    "msPlayed" : 243120
  },
  {
    "endTime" : "2022-03-31 01:30",
    "artistName" : "STRFKR",
    "trackName" : "Basically",
    "msPlayed" : 167493
  },
  {
    "endTime" : "2022-03-31 01:33",
    "artistName" : "So Many Wizards",
    "trackName" : "Lose Your Mind",
    "msPlayed" : 209280
  },
  {
    "endTime" : "2022-03-31 01:37",
    "artistName" : "Brazos",
    "trackName" : "Day Glo",
    "msPlayed" : 207413
  },
  {
    "endTime" : "2022-03-31 01:42",
    "artistName" : "Broken Social Scene",
    "trackName" : "Sweetest Kill",
    "msPlayed" : 309306
  },
  {
    "endTime" : "2022-03-31 01:46",
    "artistName" : "Kishi Bashi",
    "trackName" : "m'Lover",
    "msPlayed" : 228693
  },
  {
    "endTime" : "2022-03-31 02:27",
    "artistName" : "Islands",
    "trackName" : "Pumpkin",
    "msPlayed" : 217510
  },
  {
    "endTime" : "2022-03-31 02:31",
    "artistName" : "Andrew Bird",
    "trackName" : "Roma Fade",
    "msPlayed" : 243120
  },
  {
    "endTime" : "2022-03-31 03:38",
    "artistName" : "STRFKR",
    "trackName" : "Basically",
    "msPlayed" : 167493
  },
  {
    "endTime" : "2022-03-31 03:40",
    "artistName" : "Sjowgren",
    "trackName" : "Mend",
    "msPlayed" : 136586
  },
  {
    "endTime" : "2022-03-31 03:43",
    "artistName" : "Miracle Fortress",
    "trackName" : "Maybe Lately",
    "msPlayed" : 193560
  },
  {
    "endTime" : "2022-03-31 03:48",
    "artistName" : "Day Wave",
    "trackName" : "PDA",
    "msPlayed" : 305915
  },
  {
    "endTime" : "2022-03-31 03:51",
    "artistName" : "Camp Howard",
    "trackName" : "Juice",
    "msPlayed" : 144109
  },
  {
    "endTime" : "2022-03-31 03:54",
    "artistName" : "So Many Wizards",
    "trackName" : "Lose Your Mind",
    "msPlayed" : 209280
  },
  {
    "endTime" : "2022-03-31 03:58",
    "artistName" : "Widowspeak",
    "trackName" : "All Yours",
    "msPlayed" : 222408
  },
  {
    "endTime" : "2022-03-31 04:01",
    "artistName" : "Andrew Bird",
    "trackName" : "Left Handed Kisses",
    "msPlayed" : 163282
  },
  {
    "endTime" : "2022-03-31 04:03",
    "artistName" : "The Apache Relay",
    "trackName" : "Katie Queen of Tennessee",
    "msPlayed" : 207364
  },
  {
    "endTime" : "2022-03-31 04:07",
    "artistName" : "Islands",
    "trackName" : "Pumpkin",
    "msPlayed" : 182000
  },
  {
    "endTime" : "2022-03-31 04:07",
    "artistName" : "Andrew Bird",
    "trackName" : "Roma Fade",
    "msPlayed" : 16430
  },
  {
    "endTime" : "2022-03-31 04:29",
    "artistName" : "The Greeting Committee",
    "trackName" : "Is This It?",
    "msPlayed" : 453
  },
  {
    "endTime" : "2022-03-31 04:29",
    "artistName" : "The Apache Relay",
    "trackName" : "Katie Queen of Tennessee",
    "msPlayed" : 4790
  },
  {
    "endTime" : "2022-03-31 04:31",
    "artistName" : "Adam Melchor",
    "trackName" : "I Don't Wanna See You Cryin' Anymore",
    "msPlayed" : 240
  },
  {
    "endTime" : "2022-03-31 04:31",
    "artistName" : "Lala Lala",
    "trackName" : "Siren 042",
    "msPlayed" : 31741
  },
  {
    "endTime" : "2022-03-31 04:35",
    "artistName" : "Adam Melchor",
    "trackName" : "Real Estate",
    "msPlayed" : 216000
  },
  {
    "endTime" : "2022-03-31 04:38",
    "artistName" : "Matt Hartke",
    "trackName" : "London's Song",
    "msPlayed" : 178573
  },
  {
    "endTime" : "2022-03-31 04:42",
    "artistName" : "Yellow House",
    "trackName" : "Love in the Time of Socialism",
    "msPlayed" : 251184
  },
  {
    "endTime" : "2022-03-31 04:42",
    "artistName" : "Eloise",
    "trackName" : "Intertwined",
    "msPlayed" : 17642
  },
  {
    "endTime" : "2022-03-31 04:44",
    "artistName" : "Flipturn",
    "trackName" : "August (Acoustic)",
    "msPlayed" : 91370
  },
  {
    "endTime" : "2022-03-31 13:16",
    "artistName" : "Adam Melchor",
    "trackName" : "Real Estate",
    "msPlayed" : 2760
  },
  {
    "endTime" : "2022-03-31 13:16",
    "artistName" : "Adam Melchor",
    "trackName" : "Real Estate",
    "msPlayed" : 1930
  },
  {
    "endTime" : "2022-03-31 13:16",
    "artistName" : "Flipturn",
    "trackName" : "August (Acoustic)",
    "msPlayed" : 2790
  },
  {
    "endTime" : "2022-03-31 13:19",
    "artistName" : "Adam Melchor",
    "trackName" : "Real Estate",
    "msPlayed" : 216000
  },
  {
    "endTime" : "2022-03-31 13:22",
    "artistName" : "Eloise",
    "trackName" : "Left Side",
    "msPlayed" : 132850
  },
  {
    "endTime" : "2022-03-31 13:34",
    "artistName" : "Flipturn",
    "trackName" : "August (Acoustic)",
    "msPlayed" : 589680
  },
  {
    "endTime" : "2022-03-31 13:38",
    "artistName" : "Billie Marten",
    "trackName" : "She Dances",
    "msPlayed" : 283393
  },
  {
    "endTime" : "2022-03-31 13:39",
    "artistName" : "Kate Bollinger",
    "trackName" : "I Don't Wanna Lose",
    "msPlayed" : 28776
  },
  {
    "endTime" : "2022-03-31 14:00",
    "artistName" : "Flipturn",
    "trackName" : "Chicago",
    "msPlayed" : 319821
  },
  {
    "endTime" : "2022-03-31 14:04",
    "artistName" : "Flipturn",
    "trackName" : "Did I Love You (Like I Promised To) - Live at Sugarshack Sessions",
    "msPlayed" : 248469
  },
  {
    "endTime" : "2022-03-31 14:08",
    "artistName" : "Flipturn",
    "trackName" : "Glistening - Live at Sugarshack Sessions",
    "msPlayed" : 247829
  },
  {
    "endTime" : "2022-03-31 14:09",
    "artistName" : "Flipturn",
    "trackName" : "Savannah",
    "msPlayed" : 69071
  },
  {
    "endTime" : "2022-03-31 14:12",
    "artistName" : "Flipturn",
    "trackName" : "Did I Love You (Like I Promised To)",
    "msPlayed" : 142812
  },
  {
    "endTime" : "2022-03-31 14:12",
    "artistName" : "Islands",
    "trackName" : "Pumpkin",
    "msPlayed" : 2800
  },
  {
    "endTime" : "2022-03-31 14:15",
    "artistName" : "Islands",
    "trackName" : "Pumpkin",
    "msPlayed" : 182000
  },
  {
    "endTime" : "2022-03-31 14:18",
    "artistName" : "Islands",
    "trackName" : "Hallways",
    "msPlayed" : 173680
  },
  {
    "endTime" : "2022-03-31 14:22",
    "artistName" : "Islands",
    "trackName" : "Rough Gem",
    "msPlayed" : 216406
  },
  {
    "endTime" : "2022-03-31 14:32",
    "artistName" : "Islands",
    "trackName" : "Swans (Life After Death)",
    "msPlayed" : 570000
  },
  {
    "endTime" : "2022-03-31 14:34",
    "artistName" : "Islands",
    "trackName" : "Don't Call Me Whitney, Bobby",
    "msPlayed" : 151738
  },
  {
    "endTime" : "2022-03-31 14:40",
    "artistName" : "Islands",
    "trackName" : "Set The Fairlight",
    "msPlayed" : 347746
  },
  {
    "endTime" : "2022-03-31 14:44",
    "artistName" : "Islands",
    "trackName" : "(We Like To) Do It With The Lights On",
    "msPlayed" : 225386
  },
  {
    "endTime" : "2022-03-31 14:47",
    "artistName" : "Islands",
    "trackName" : "Carpenter - Prism Song",
    "msPlayed" : 199573
  },
  {
    "endTime" : "2022-03-31 14:51",
    "artistName" : "Islands",
    "trackName" : "Charm Offensive",
    "msPlayed" : 267760
  },
  {
    "endTime" : "2022-03-31 14:55",
    "artistName" : "Islands",
    "trackName" : "No Milk, No Sugar",
    "msPlayed" : 224120
  },
  {
    "endTime" : "2022-03-31 14:59",
    "artistName" : "Islands",
    "trackName" : "Islomania",
    "msPlayed" : 229906
  },
  {
    "endTime" : "2022-03-31 15:33",
    "artistName" : "Islands",
    "trackName" : "(We Like To) Do It With The Lights On",
    "msPlayed" : 225386
  },
  {
    "endTime" : "2022-03-31 15:36",
    "artistName" : "Islands",
    "trackName" : "Carpenter - Prism Song",
    "msPlayed" : 199573
  },
  {
    "endTime" : "2022-03-31 15:40",
    "artistName" : "Islands",
    "trackName" : "Closed Captioning",
    "msPlayed" : 226160
  },
  {
    "endTime" : "2022-03-31 16:02",
    "artistName" : "Shygirl",
    "trackName" : "Cleo at Abbey Road",
    "msPlayed" : 3940
  },
  {
    "endTime" : "2022-03-31 16:52",
    "artistName" : "Islands",
    "trackName" : "Set The Fairlight",
    "msPlayed" : 58384
  },
  {
    "endTime" : "2022-03-31 16:55",
    "artistName" : "Islands",
    "trackName" : "Pumpkin",
    "msPlayed" : 182000
  },
  {
    "endTime" : "2022-03-31 16:58",
    "artistName" : "Islands",
    "trackName" : "Hallways",
    "msPlayed" : 173680
  },
  {
    "endTime" : "2022-03-31 17:03",
    "artistName" : "Islands",
    "trackName" : "Rough Gem",
    "msPlayed" : 216406
  },
  {
    "endTime" : "2022-03-31 17:12",
    "artistName" : "Islands",
    "trackName" : "Swans (Life After Death)",
    "msPlayed" : 570000
  },
  {
    "endTime" : "2022-03-31 17:15",
    "artistName" : "Islands",
    "trackName" : "Don't Call Me Whitney, Bobby",
    "msPlayed" : 151738
  },
  {
    "endTime" : "2022-03-31 17:20",
    "artistName" : "Dreams We've Had",
    "trackName" : "it all feels the same",
    "msPlayed" : 287706
  },
  {
    "endTime" : "2022-03-31 17:20",
    "artistName" : "The Shins",
    "trackName" : "Sleeping Lessons",
    "msPlayed" : 2780
  },
  {
    "endTime" : "2022-03-31 20:24",
    "artistName" : "The Shins",
    "trackName" : "Sleeping Lessons",
    "msPlayed" : 228391
  },
  {
    "endTime" : "2022-03-31 20:27",
    "artistName" : "Moses Sumney",
    "trackName" : "Make Out in My Car - Sufjan Stevens Version",
    "msPlayed" : 166880
  },
  {
    "endTime" : "2022-03-31 20:28",
    "artistName" : "Teebs",
    "trackName" : "While You Doooo",
    "msPlayed" : 91010
  },
  {
    "endTime" : "2022-03-31 20:30",
    "artistName" : "Christine and the Queens",
    "trackName" : "Christine",
    "msPlayed" : 110733
  },
  {
    "endTime" : "2022-04-01 00:35",
    "artistName" : "Del Water Gap",
    "trackName" : "Ode to a Conversation Stuck in Your Throat",
    "msPlayed" : 199232
  },
  {
    "endTime" : "2022-04-01 00:35",
    "artistName" : "Thundercat",
    "trackName" : "Dragonball Durag",
    "msPlayed" : 627
  },
  {
    "endTime" : "2022-04-01 00:35",
    "artistName" : "Kid Cudi",
    "trackName" : "Pursuit Of Happiness (Nightmare)",
    "msPlayed" : 5420
  },
  {
    "endTime" : "2022-04-01 00:38",
    "artistName" : "Islands",
    "trackName" : "Pumpkin",
    "msPlayed" : 182000
  },
  {
    "endTime" : "2022-04-01 03:57",
    "artistName" : "M. Ward",
    "trackName" : "Chinese Translation",
    "msPlayed" : 9550
  },
  {
    "endTime" : "2022-04-01 04:00",
    "artistName" : "M. Ward",
    "trackName" : "Chinese Translation",
    "msPlayed" : 6020
  },
  {
    "endTime" : "2022-04-01 04:00",
    "artistName" : "Islands",
    "trackName" : "Pumpkin",
    "msPlayed" : 182000
  },
  {
    "endTime" : "2022-04-01 04:00",
    "artistName" : "Andrew Bird",
    "trackName" : "Roma Fade",
    "msPlayed" : 820
  },
  {
    "endTime" : "2022-04-01 04:01",
    "artistName" : "The Books",
    "trackName" : "Fralite",
    "msPlayed" : 78386
  },
  {
    "endTime" : "2022-04-01 04:04",
    "artistName" : "Camp Howard",
    "trackName" : "Juice",
    "msPlayed" : 144109
  },
  {
    "endTime" : "2022-04-01 04:24",
    "artistName" : "Islands",
    "trackName" : "Set The Fairlight",
    "msPlayed" : 225382
  },
  {
    "endTime" : "2022-04-01 04:27",
    "artistName" : "Islands",
    "trackName" : "Pumpkin",
    "msPlayed" : 182000
  },
  {
    "endTime" : "2022-04-01 04:30",
    "artistName" : "Islands",
    "trackName" : "Hallways",
    "msPlayed" : 173680
  },
  {
    "endTime" : "2022-04-01 04:33",
    "artistName" : "Islands",
    "trackName" : "Rough Gem",
    "msPlayed" : 216406
  },
  {
    "endTime" : "2022-04-01 04:43",
    "artistName" : "Islands",
    "trackName" : "Swans (Life After Death)",
    "msPlayed" : 570000
  },
  {
    "endTime" : "2022-04-01 04:45",
    "artistName" : "Islands",
    "trackName" : "Don't Call Me Whitney, Bobby",
    "msPlayed" : 151738
  },
  {
    "endTime" : "2022-04-01 04:51",
    "artistName" : "Islands",
    "trackName" : "Set The Fairlight",
    "msPlayed" : 347746
  },
  {
    "endTime" : "2022-04-01 05:08",
    "artistName" : "Tennis",
    "trackName" : "Please Don't Ruin This for Me - Audiotree Live Version",
    "msPlayed" : 35364
  },
  {
    "endTime" : "2022-04-01 15:55",
    "artistName" : "Islands",
    "trackName" : "(We Like To) Do It With The Lights On",
    "msPlayed" : 141065
  },
  {
    "endTime" : "2022-04-01 16:02",
    "artistName" : "Islands",
    "trackName" : "Pumpkin",
    "msPlayed" : 182000
  },
  {
    "endTime" : "2022-04-01 16:05",
    "artistName" : "Islands",
    "trackName" : "Hallways",
    "msPlayed" : 173680
  },
  {
    "endTime" : "2022-04-01 16:09",
    "artistName" : "Islands",
    "trackName" : "Rough Gem",
    "msPlayed" : 216406
  },
  {
    "endTime" : "2022-04-01 16:18",
    "artistName" : "Islands",
    "trackName" : "Swans (Life After Death)",
    "msPlayed" : 570000
  },
  {
    "endTime" : "2022-04-01 16:21",
    "artistName" : "Islands",
    "trackName" : "Don't Call Me Whitney, Bobby",
    "msPlayed" : 151738
  },
  {
    "endTime" : "2022-04-01 16:36",
    "artistName" : "bôa",
    "trackName" : "Duvet",
    "msPlayed" : 203600
  },
  {
    "endTime" : "2022-04-01 16:39",
    "artistName" : "Hot Freaks",
    "trackName" : "Write Me Letters",
    "msPlayed" : 184786
  },
  {
    "endTime" : "2022-04-01 16:41",
    "artistName" : "my bloody valentine",
    "trackName" : "new you",
    "msPlayed" : 45679
  },
  {
    "endTime" : "2022-04-01 16:42",
    "artistName" : "The Sundays",
    "trackName" : "On Earth",
    "msPlayed" : 52280
  },
  {
    "endTime" : "2022-04-01 17:20",
    "artistName" : "Islands",
    "trackName" : "Set The Fairlight",
    "msPlayed" : 303556
  },
  {
    "endTime" : "2022-04-01 17:20",
    "artistName" : "Islands",
    "trackName" : "Pumpkin",
    "msPlayed" : 1904
  },
  {
    "endTime" : "2022-04-01 17:24",
    "artistName" : "Her's",
    "trackName" : "What Once Was",
    "msPlayed" : 255067
  },
  {
    "endTime" : "2022-04-01 17:27",
    "artistName" : "Ralph Castelli",
    "trackName" : "Morning Sex",
    "msPlayed" : 175312
  },
  {
    "endTime" : "2022-04-01 17:30",
    "artistName" : "Cocteau Twins",
    "trackName" : "Cherry-coloured Funk",
    "msPlayed" : 192466
  },
  {
    "endTime" : "2022-04-01 17:34",
    "artistName" : "Kid Bloom",
    "trackName" : "Different State of Mind",
    "msPlayed" : 225531
  },
  {
    "endTime" : "2022-04-01 17:36",
    "artistName" : "Miniature Tigers",
    "trackName" : "Like or Like Like",
    "msPlayed" : 158653
  },
  {
    "endTime" : "2022-04-01 17:38",
    "artistName" : "Good Morning",
    "trackName" : "$10",
    "msPlayed" : 89508
  },
  {
    "endTime" : "2022-04-01 17:42",
    "artistName" : "Twin Peaks",
    "trackName" : "Blue Coupe",
    "msPlayed" : 222672
  },
  {
    "endTime" : "2022-04-01 17:45",
    "artistName" : "Del Water Gap",
    "trackName" : "Ode to a Conversation Stuck in Your Throat",
    "msPlayed" : 199232
  },
  {
    "endTime" : "2022-04-01 17:53",
    "artistName" : "Sweet Trip",
    "trackName" : "Air Supply - 2021 Remaster",
    "msPlayed" : 281694
  },
  {
    "endTime" : "2022-04-01 17:58",
    "artistName" : "Trudy and the Romance",
    "trackName" : "Is There a Place I Can Go",
    "msPlayed" : 278413
  },
  {
    "endTime" : "2022-04-01 18:30",
    "artistName" : "No Vacation",
    "trackName" : "Days",
    "msPlayed" : 81365
  },
  {
    "endTime" : "2022-04-01 18:31",
    "artistName" : "Her's",
    "trackName" : "What Once Was",
    "msPlayed" : 22070
  },
  {
    "endTime" : "2022-04-01 18:34",
    "artistName" : "Ralph Castelli",
    "trackName" : "Morning Sex",
    "msPlayed" : 175312
  },
  {
    "endTime" : "2022-04-01 18:37",
    "artistName" : "Cocteau Twins",
    "trackName" : "Cherry-coloured Funk",
    "msPlayed" : 192466
  },
  {
    "endTime" : "2022-04-01 18:42",
    "artistName" : "Miniature Tigers",
    "trackName" : "Like or Like Like",
    "msPlayed" : 7363
  },
  {
    "endTime" : "2022-04-01 18:42",
    "artistName" : "Kid Bloom",
    "trackName" : "Different State of Mind",
    "msPlayed" : 4783
  },
  {
    "endTime" : "2022-04-01 18:43",
    "artistName" : "Good Morning",
    "trackName" : "$10",
    "msPlayed" : 89508
  },
  {
    "endTime" : "2022-04-01 18:45",
    "artistName" : "Del Water Gap",
    "trackName" : "Ode to a Conversation Stuck in Your Throat",
    "msPlayed" : 1310
  },
  {
    "endTime" : "2022-04-01 18:45",
    "artistName" : "No Vacation",
    "trackName" : "Days",
    "msPlayed" : 2810
  },
  {
    "endTime" : "2022-04-01 18:45",
    "artistName" : "Trudy and the Romance",
    "trackName" : "Is There a Place I Can Go",
    "msPlayed" : 1400
  },
  {
    "endTime" : "2022-04-01 18:45",
    "artistName" : "Sweet Trip",
    "trackName" : "Air Supply - 2021 Remaster",
    "msPlayed" : 1160
  },
  {
    "endTime" : "2022-04-01 18:45",
    "artistName" : "Twin Peaks",
    "trackName" : "Blue Coupe",
    "msPlayed" : 86871
  },
  {
    "endTime" : "2022-04-01 18:55",
    "artistName" : "Kid Bloom",
    "trackName" : "Different State of Mind",
    "msPlayed" : 223727
  },
  {
    "endTime" : "2022-04-01 18:58",
    "artistName" : "Ralph Castelli",
    "trackName" : "Morning Sex",
    "msPlayed" : 175312
  },
  {
    "endTime" : "2022-04-01 19:02",
    "artistName" : "Cocteau Twins",
    "trackName" : "Cherry-coloured Funk",
    "msPlayed" : 192466
  },
  {
    "endTime" : "2022-04-01 19:05",
    "artistName" : "Kid Bloom",
    "trackName" : "Different State of Mind",
    "msPlayed" : 225531
  },
  {
    "endTime" : "2022-04-01 19:48",
    "artistName" : "Miniature Tigers",
    "trackName" : "Like or Like Like",
    "msPlayed" : 16535
  },
  {
    "endTime" : "2022-04-01 19:52",
    "artistName" : "Wilco",
    "trackName" : "Heavy Metal Drummer",
    "msPlayed" : 188840
  },
  {
    "endTime" : "2022-04-01 19:57",
    "artistName" : "Belle and Sebastian",
    "trackName" : "The Boy With The Arab Strap",
    "msPlayed" : 314173
  },
  {
    "endTime" : "2022-04-01 20:01",
    "artistName" : "Belle and Sebastian",
    "trackName" : "Seeing Other People",
    "msPlayed" : 226733
  },
  {
    "endTime" : "2022-04-01 20:19",
    "artistName" : "No Vacation",
    "trackName" : "Beach Bummer",
    "msPlayed" : 102130
  },
  {
    "endTime" : "2022-04-01 21:17",
    "artistName" : "The Replacements",
    "trackName" : "Swingin Party - 2008 Remaster",
    "msPlayed" : 89005
  },
  {
    "endTime" : "2022-04-01 21:17",
    "artistName" : "Belle and Sebastian",
    "trackName" : "Seeing Other People",
    "msPlayed" : 5210
  },
  {
    "endTime" : "2022-04-01 21:21",
    "artistName" : "Nico",
    "trackName" : "These Days",
    "msPlayed" : 210653
  },
  {
    "endTime" : "2022-04-01 21:22",
    "artistName" : "The Velvet Underground",
    "trackName" : "After Hours",
    "msPlayed" : 70576
  },
  {
    "endTime" : "2022-04-01 21:27",
    "artistName" : "Yo La Tengo",
    "trackName" : "You Can Have It All",
    "msPlayed" : 276640
  },
  {
    "endTime" : "2022-04-01 21:31",
    "artistName" : "Elliott Smith",
    "trackName" : "Baby Britain",
    "msPlayed" : 193760
  },
  {
    "endTime" : "2022-04-01 22:28",
    "artistName" : "Mount Kimbie",
    "trackName" : "Marilyn",
    "msPlayed" : 520
  },
  {
    "endTime" : "2022-04-01 22:28",
    "artistName" : "bôa",
    "trackName" : "Duvet",
    "msPlayed" : 20640
  },
  {
    "endTime" : "2022-04-01 22:32",
    "artistName" : "Yaeji",
    "trackName" : "Raingurl",
    "msPlayed" : 237231
  },
  {
    "endTime" : "2022-04-01 22:56",
    "artistName" : "Brian Eno",
    "trackName" : "Emerald and Stone",
    "msPlayed" : 132306
  },
  {
    "endTime" : "2022-04-01 23:05",
    "artistName" : "Tim Hecker",
    "trackName" : "Trade Winds, White Heat",
    "msPlayed" : 250152
  },
  {
    "endTime" : "2022-04-02 13:54",
    "artistName" : "Ross from Friends",
    "trackName" : "Crimson",
    "msPlayed" : 3264
  },
  {
    "endTime" : "2022-04-02 15:10",
    "artistName" : "Vansire",
    "trackName" : "Kind of a Nice Time",
    "msPlayed" : 192026
  },
  {
    "endTime" : "2022-04-02 15:14",
    "artistName" : "Los Retros",
    "trackName" : "Last Day On Earth",
    "msPlayed" : 222240
  },
  {
    "endTime" : "2022-04-02 15:18",
    "artistName" : "Mellow Fellow",
    "trackName" : "Dancing",
    "msPlayed" : 282671
  },
  {
    "endTime" : "2022-04-02 15:21",
    "artistName" : "No Vacation",
    "trackName" : "Beach Bummer",
    "msPlayed" : 148192
  },
  {
    "endTime" : "2022-04-02 15:25",
    "artistName" : "The Buttertones",
    "trackName" : "Dionysus",
    "msPlayed" : 209040
  },
  {
    "endTime" : "2022-04-02 15:25",
    "artistName" : "No Vacation",
    "trackName" : "Days",
    "msPlayed" : 28410
  },
  {
    "endTime" : "2022-04-02 16:42",
    "artistName" : "Inner Wave",
    "trackName" : "American Spirits",
    "msPlayed" : 3490
  },
  {
    "endTime" : "2022-04-02 16:46",
    "artistName" : "Her's",
    "trackName" : "Dorothy",
    "msPlayed" : 246230
  },
  {
    "endTime" : "2022-04-02 16:48",
    "artistName" : "Good Morning",
    "trackName" : "$10",
    "msPlayed" : 89508
  },
  {
    "endTime" : "2022-04-02 16:50",
    "artistName" : "Miniature Tigers",
    "trackName" : "Like or Like Like",
    "msPlayed" : 158653
  },
  {
    "endTime" : "2022-04-02 16:54",
    "artistName" : "Del Water Gap",
    "trackName" : "Ode to a Conversation Stuck in Your Throat",
    "msPlayed" : 199232
  },
  {
    "endTime" : "2022-04-02 16:57",
    "artistName" : "Alice Phoebe Lou",
    "trackName" : "Witches",
    "msPlayed" : 195078
  },
  {
    "endTime" : "2022-04-02 17:00",
    "artistName" : "Gus Dapperton",
    "trackName" : "Coax & Botany",
    "msPlayed" : 173742
  },
  {
    "endTime" : "2022-04-02 17:31",
    "artistName" : "Good Morning",
    "trackName" : "Cosmic Sass",
    "msPlayed" : 15143
  },
  {
    "endTime" : "2022-04-02 17:32",
    "artistName" : "Her's",
    "trackName" : "Dorothy",
    "msPlayed" : 5290
  },
  {
    "endTime" : "2022-04-02 17:36",
    "artistName" : "Her's",
    "trackName" : "What Once Was",
    "msPlayed" : 255067
  },
  {
    "endTime" : "2022-04-02 17:39",
    "artistName" : "Her's",
    "trackName" : "Blue Lips",
    "msPlayed" : 222062
  },
  {
    "endTime" : "2022-04-02 17:45",
    "artistName" : "Her's",
    "trackName" : "You Don't Know This Guy",
    "msPlayed" : 321140
  },
  {
    "endTime" : "2022-04-02 17:49",
    "artistName" : "Her's",
    "trackName" : "Dorothy",
    "msPlayed" : 246230
  },
  {
    "endTime" : "2022-04-02 17:53",
    "artistName" : "Her's",
    "trackName" : "Don't Think It Over",
    "msPlayed" : 246362
  },
  {
    "endTime" : "2022-04-02 17:58",
    "artistName" : "Her's",
    "trackName" : "Cool with You",
    "msPlayed" : 198451
  },
  {
    "endTime" : "2022-04-02 17:58",
    "artistName" : "Blank Gloss",
    "trackName" : "Of A Vessel",
    "msPlayed" : 1680
  },
  {
    "endTime" : "2022-04-02 17:58",
    "artistName" : "Hiroshi Yoshimura",
    "trackName" : "SHEEP",
    "msPlayed" : 2160
  },
  {
    "endTime" : "2022-04-02 18:03",
    "artistName" : "Blank Gloss",
    "trackName" : "Of A Vessel",
    "msPlayed" : 271115
  },
  {
    "endTime" : "2022-04-02 18:03",
    "artistName" : "Hiroshi Yoshimura",
    "trackName" : "SHEEP",
    "msPlayed" : 9234
  },
  {
    "endTime" : "2022-04-02 18:05",
    "artistName" : "Dirty Art Club",
    "trackName" : "Full Metal Jacket",
    "msPlayed" : 128617
  },
  {
    "endTime" : "2022-04-02 18:09",
    "artistName" : "Lomea",
    "trackName" : "Permanence",
    "msPlayed" : 229158
  },
  {
    "endTime" : "2022-04-02 18:11",
    "artistName" : "Seoul",
    "trackName" : "Stay With Us",
    "msPlayed" : 103964
  },
  {
    "endTime" : "2022-04-02 19:25",
    "artistName" : "Richard H. Kirk",
    "trackName" : "The Feeling (Of Warmth And Beauty)",
    "msPlayed" : 146290
  },
  {
    "endTime" : "2022-04-02 19:25",
    "artistName" : "Jai Paul",
    "trackName" : "Genevieve - Unfinished",
    "msPlayed" : 1237
  },
  {
    "endTime" : "2022-04-02 19:28",
    "artistName" : "Islands",
    "trackName" : "Pumpkin",
    "msPlayed" : 182000
  },
  {
    "endTime" : "2022-04-02 19:42",
    "artistName" : "M. Ward",
    "trackName" : "Chinese Translation",
    "msPlayed" : 200482
  },
  {
    "endTime" : "2022-04-02 19:42",
    "artistName" : "Glass Animals",
    "trackName" : "Tokyo Drifting",
    "msPlayed" : 208
  },
  {
    "endTime" : "2022-04-02 19:46",
    "artistName" : "Teriyaki Boyz",
    "trackName" : "Tokyo Drift (Fast & Furious) - From \"The Fast And The Furious: Tokyo Drift\" Soundtrack",
    "msPlayed" : 255173
  },
  {
    "endTime" : "2022-04-02 19:46",
    "artistName" : "Teriyaki Boyz",
    "trackName" : "Tokyo Drift (Fast & Furious) - From \"The Fast And The Furious: Tokyo Drift\" Soundtrack",
    "msPlayed" : 10705
  },
  {
    "endTime" : "2022-04-02 19:47",
    "artistName" : "Adam Melchor",
    "trackName" : "Real Estate",
    "msPlayed" : 9125
  },
  {
    "endTime" : "2022-04-02 19:51",
    "artistName" : "Adam Melchor",
    "trackName" : "Real Estate",
    "msPlayed" : 216000
  },
  {
    "endTime" : "2022-04-02 19:54",
    "artistName" : "Adam Melchor",
    "trackName" : "Life On Earth?",
    "msPlayed" : 130709
  },
  {
    "endTime" : "2022-04-02 19:56",
    "artistName" : "Adam Melchor",
    "trackName" : "BUZZER BEATER",
    "msPlayed" : 170733
  },
  {
    "endTime" : "2022-04-02 20:00",
    "artistName" : "Adam Melchor",
    "trackName" : "Plan On You",
    "msPlayed" : 208050
  },
  {
    "endTime" : "2022-04-02 20:03",
    "artistName" : "Adam Melchor",
    "trackName" : "Last Time",
    "msPlayed" : 193972
  },
  {
    "endTime" : "2022-04-02 20:04",
    "artistName" : "Adam Melchor",
    "trackName" : "i'm not okay",
    "msPlayed" : 67018
  },
  {
    "endTime" : "2022-04-02 20:08",
    "artistName" : "Whitney",
    "trackName" : "Valleys (My Love)",
    "msPlayed" : 236453
  },
  {
    "endTime" : "2022-04-02 20:09",
    "artistName" : "Whitney",
    "trackName" : "Valleys (My Love)",
    "msPlayed" : 14843
  },
  {
    "endTime" : "2022-04-02 20:13",
    "artistName" : "Whitney",
    "trackName" : "Giving Up",
    "msPlayed" : 190466
  },
  {
    "endTime" : "2022-04-02 20:16",
    "artistName" : "Whitney",
    "trackName" : "My Life Alone",
    "msPlayed" : 190880
  },
  {
    "endTime" : "2022-04-02 20:19",
    "artistName" : "Whitney",
    "trackName" : "Rhododendron",
    "msPlayed" : 126560
  },
  {
    "endTime" : "2022-04-02 20:23",
    "artistName" : "Whitney",
    "trackName" : "Friend Of Mine",
    "msPlayed" : 249560
  },
  {
    "endTime" : "2022-04-02 20:27",
    "artistName" : "Whitney",
    "trackName" : "Forever Turned Around",
    "msPlayed" : 239013
  },
  {
    "endTime" : "2022-04-02 20:30",
    "artistName" : "Whitney",
    "trackName" : "Day & Night",
    "msPlayed" : 162600
  },
  {
    "endTime" : "2022-04-02 20:33",
    "artistName" : "Whitney",
    "trackName" : "Song For Ty",
    "msPlayed" : 167760
  },
  {
    "endTime" : "2022-04-02 20:38",
    "artistName" : "Whitney",
    "trackName" : "Used To Be Lonely",
    "msPlayed" : 228960
  },
  {
    "endTime" : "2022-04-02 20:41",
    "artistName" : "Whitney",
    "trackName" : "Before I Know It",
    "msPlayed" : 153480
  },
  {
    "endTime" : "2022-04-02 21:14",
    "artistName" : "Whitney",
    "trackName" : "Valleys (My Love)",
    "msPlayed" : 119514
  },
  {
    "endTime" : "2022-04-02 21:28",
    "artistName" : "Father John Misty",
    "trackName" : "Real Love Baby",
    "msPlayed" : 189293
  },
  {
    "endTime" : "2022-04-02 21:30",
    "artistName" : "Surf Curse",
    "trackName" : "Disco",
    "msPlayed" : 152760
  },
  {
    "endTime" : "2022-04-02 21:40",
    "artistName" : "Ralph Castelli",
    "trackName" : "Morning Sex",
    "msPlayed" : 336472
  },
  {
    "endTime" : "2022-04-02 21:44",
    "artistName" : "Steve Lacy",
    "trackName" : "Dark Red",
    "msPlayed" : 173104
  },
  {
    "endTime" : "2022-04-02 22:01",
    "artistName" : "Monsune",
    "trackName" : "OUTTA MY MIND",
    "msPlayed" : 740
  },
  {
    "endTime" : "2022-04-02 22:01",
    "artistName" : "Monsune",
    "trackName" : "OUTTA MY MIND",
    "msPlayed" : 175137
  },
  {
    "endTime" : "2022-04-02 22:01",
    "artistName" : "PawPaw Rod",
    "trackName" : "HIT EM WHERE IT HURTS",
    "msPlayed" : 450
  },
  {
    "endTime" : "2022-04-02 22:04",
    "artistName" : "PawPaw Rod",
    "trackName" : "HIT EM WHERE IT HURTS",
    "msPlayed" : 165499
  },
  {
    "endTime" : "2022-04-02 22:07",
    "artistName" : "Rex Orange County",
    "trackName" : "Loving Is Easy",
    "msPlayed" : 155720
  },
  {
    "endTime" : "2022-04-02 22:10",
    "artistName" : "Her's",
    "trackName" : "Marcel",
    "msPlayed" : 187571
  },
  {
    "endTime" : "2022-04-02 22:19",
    "artistName" : "Tame Impala",
    "trackName" : "Breathe Deeper",
    "msPlayed" : 372866
  },
  {
    "endTime" : "2022-04-02 22:28",
    "artistName" : "Bickle",
    "trackName" : "Talk Words",
    "msPlayed" : 213025
  },
  {
    "endTime" : "2022-04-02 22:31",
    "artistName" : "Bakar",
    "trackName" : "1st Time",
    "msPlayed" : 181746
  },
  {
    "endTime" : "2022-04-02 22:35",
    "artistName" : "Yung Heazy",
    "trackName" : "Quit My Job!",
    "msPlayed" : 217384
  },
  {
    "endTime" : "2022-04-02 22:37",
    "artistName" : "binki",
    "trackName" : "Heybb!",
    "msPlayed" : 148607
  },
  {
    "endTime" : "2022-04-02 22:41",
    "artistName" : "Toro y Moi",
    "trackName" : "Ordinary Pleasure",
    "msPlayed" : 183752
  },
  {
    "endTime" : "2022-04-02 23:42",
    "artistName" : "Brittany Howard",
    "trackName" : "Stay High - Childish Gambino Version",
    "msPlayed" : 32435
  },
  {
    "endTime" : "2022-04-02 23:42",
    "artistName" : "Glass Animals",
    "trackName" : "Tokyo Drifting",
    "msPlayed" : 550
  },
  {
    "endTime" : "2022-04-02 23:45",
    "artistName" : "Teriyaki Boyz",
    "trackName" : "Tokyo Drift (Fast & Furious) - From \"The Fast And The Furious: Tokyo Drift\" Soundtrack",
    "msPlayed" : 170040
  },
  {
    "endTime" : "2022-04-02 23:48",
    "artistName" : "Adam Melchor",
    "trackName" : "Real Estate",
    "msPlayed" : 216000
  },
  {
    "endTime" : "2022-04-02 23:52",
    "artistName" : "Whitney",
    "trackName" : "Valleys (My Love)",
    "msPlayed" : 236453
  }
]